pedido_id,cliente_id,produto_id,quantidade,valor,data_pedido
1001,1060,9930,3,1124.13,2026-03-12
1002,1303,9416,10,19583.4,2026-06-24
1003,1319,9115,4,8938.24,2026-09-13
1004,554,9315,8,1109.84,2026-10-09
1005,586,9952,1,1396.58,2026-01-09
1006,1213,9708,6,17574.06,2026-08-08
1007,1415,9090,5,18307.7,2026-05-07
1008,1138,9517,9,18606.78,2026-05-25
1009,915,9755,3,14456.34,2026-02-26
1010,521,9582,3,2805.12,2026-02-24
1011,638,9768,9,41138.19,2026-12-08
1012,1292,9166,6,2061.84,2026-05-29
1013,1290,9683,3,6432.15,2026-12-11
1014,1447,9577,5,19579.2,2026-04-14
1015,1147,9083,3,8555.28,2026-03-21
1016,632,9088,2,3142.04,2026-05-18
1017,1403,9954,4,6683.92,2026-07-21
1018,533,9262,6,7082.46,2026-12-04
1019,641,9288,1,2951.94,2026-07-06
1020,1060,9310,9,1435.41,2026-02-08
1021,558,9704,8,31505.44,2026-08-05
1022,1284,9924,9,20916.9,2026-06-05
1023,509,9499,2,3585.68,2026-01-14
1024,605,9728,4,15414.28,2026-09-24
1025,662,9329,5,4012.3,2026-05-14
1026,765,9778,1,3371.0,2026-09-16
1027,739,9218,6,14288.46,2026-12-16
1028,1353,9387,5,8538.65,2026-12-07
1029,676,9363,5,14484.55,2026-05-10
1030,1263,9367,6,9158.7,2026-10-22
1031,582,9601,4,18549.24,2026-06-21
1032,1444,9214,10,14609.4,2026-09-18
1033,610,9973,8,33583.68,2026-08-14
1034,903,9152,5,23246.5,2026-05-20
1035,1283,9423,1,2697.36,2026-05-27
1036,1438,9537,10,26341.1,2026-09-18
1037,649,9746,9,44328.42,2026-08-03
1038,527,9622,2,3402.02,2026-12-28
1039,1089,9068,3,11703.99,2026-05-27
1040,870,9297,4,18079.04,2026-07-16
1041,1069,9151,7,9718.66,2026-09-15
1042,1439,9738,7,25692.45,2026-01-08
1043,765,9797,6,3973.26,2026-06-30
1044,1024,9061,1,1513.69,2026-09-05
1045,741,9603,3,4840.98,2026-02-06
1046,1145,9086,7,1068.69,2026-12-23
1047,1366,9264,7,12545.33,2026-03-24
1048,752,9876,10,30180.2,2026-05-11
1049,1059,9563,1,2313.76,2026-09-28
1050,992,9034,2,5287.44,2026-09-06
1051,734,9692,5,14648.95,2026-08-25
1052,1413,9345,2,1647.6,2026-06-01
1053,652,9333,6,5990.16,2026-01-01
1054,709,9389,10,38945.9,2026-06-27
1055,998,9999,4,3477.28,2026-01-14
1056,1296,9263,3,7259.31,2026-07-31
1057,1461,9220,5,22688.5,2026-03-03
1058,1325,9155,2,4433.62,2026-01-04
1059,800,9460,8,11364.16,2026-11-30
1060,581,9449,5,9650.85,2026-08-03
1061,1265,9479,5,9921.05,2026-07-27
1062,1451,9754,7,23982.07,2026-04-06
1063,1184,9872,10,47489.4,2026-05-06
1064,1470,9058,10,29170.8,2026-01-25
1065,1349,9107,5,17671.95,2026-03-18
1066,608,9437,9,19568.97,2026-01-13
1067,1360,9389,10,43554.7,2026-04-09
1068,506,9192,7,31217.41,2026-06-06
1069,784,9256,3,10359.87,2026-02-11
1070,882,9812,9,17481.96,2026-04-22
1071,1201,9999,7,15907.5,2026-11-15
1072,1393,9766,8,21948.64,2026-12-02
1073,636,9203,7,14452.06,2026-04-08
1074,806,9617,10,6193.1,2026-05-06
1075,878,9247,8,861.52,2026-09-24
1076,544,9335,7,28018.62,2026-05-13
1077,664,9557,9,40754.61,2026-10-21
1078,542,9600,7,34956.04,2026-06-30
1079,732,9666,2,7116.9,2026-09-08
1080,600,9636,3,1274.97,2026-03-17
1081,1270,9704,7,13661.55,2026-01-31
1082,1378,9588,5,12358.75,2026-11-29
1083,512,9696,6,612.48,2026-03-05
1084,1000,9558,5,12170.95,2026-01-09
1085,677,9195,3,14723.76,2026-02-16
1086,638,9713,7,23860.48,2026-06-07
1087,976,9767,9,898.92,2026-04-02
1088,512,9504,5,11445.45,2026-08-02
1089,1397,9396,8,26380.4,2026-07-04
1090,952,9408,6,20231.28,2026-11-06
1091,1378,9086,8,25386.56,2026-11-28
1092,540,9307,1,3227.25,2026-03-22
1093,1463,9469,7,34086.29,2026-01-14
1094,993,9146,4,5625.28,2026-01-05
1095,1118,9772,1,1011.01,2026-08-06
1096,511,9881,9,34036.38,2026-01-02
1097,975,9821,3,12300.15,2026-04-19
1098,714,9997,3,11644.77,2026-11-19
1099,953,9683,2,1703.08,2026-12-16
1100,800,9956,10,31506.8,2026-04-16
1101,1468,9161,7,17702.23,2026-11-30
1102,1022,9685,10,25910.2,2026-01-11
1103,710,9294,9,22701.6,2026-06-15
1104,789,9991,5,14726.2,2026-08-10
1105,712,9948,8,26138.4,2026-04-05
1106,966,9379,5,21121.15,2026-08-09
1107,1014,9572,4,3403.16,2026-06-07
1108,1445,9164,2,9300.96,2026-07-18
1109,1352,9990,6,3355.56,2026-09-06
1110,1200,9528,4,5550.32,2026-03-24
1111,773,9715,3,1795.65,2026-03-03
1112,1070,9543,4,17183.0,2026-06-01
1113,859,9696,3,12680.16,2026-07-05
1114,856,9314,1,4439.38,2026-08-20
1115,592,9126,1,60.43,2026-01-29
1116,676,9052,9,39702.42,2026-12-03
1117,601,9933,1,539.38,2026-02-17
1118,653,9724,6,5534.64,2026-07-02
1119,1023,9436,3,9505.77,2026-08-25
1120,675,9937,10,17411.7,2026-02-09
1121,885,9314,2,8869.28,2026-05-30
1122,556,9621,1,4303.47,2026-10-30
1123,1218,9434,4,14665.8,2026-06-09
1124,1223,9173,3,14463.15,2026-08-05
1125,921,9130,9,37783.26,2026-04-18
1126,571,9660,10,27287.8,2026-09-04
1127,802,9276,6,17642.58,2026-12-01
1128,743,9711,9,26205.48,2026-02-12
1129,1490,9960,5,16982.35,2026-04-07
1130,937,9222,6,956.52,2026-07-01
1131,1382,9135,6,4671.06,2026-07-05
1132,744,9493,4,10646.28,2026-06-11
1133,717,9588,9,18030.87,2026-08-22
1134,1195,9729,10,49313.1,2026-02-01
1135,1314,9725,2,2701.2,2026-02-02
1136,787,9012,2,6398.14,2026-07-28
1137,979,9914,6,10456.08,2026-07-14
1138,1381,9298,8,26177.44,2026-05-09
1139,969,9832,1,2943.61,2026-11-19
1140,1423,9621,9,41833.26,2026-10-09
1141,1239,9524,9,2563.47,2026-12-12
1142,1256,9338,8,39270.88,2026-02-10
1143,801,9160,7,33616.24,2026-07-20
1144,1217,9381,9,34801.47,2026-07-21
1145,512,9387,9,16129.26,2026-12-26
1146,1048,9216,10,28774.3,2026-12-18
1147,1431,9633,6,957.24,2026-04-20
1148,657,9539,6,9218.58,2026-10-28
1149,1400,9028,4,10561.32,2026-04-04
1150,625,9630,6,27429.9,2026-07-29
1151,920,9370,10,22366.8,2026-10-24
1152,890,9559,1,1881.45,2026-05-07
1153,1026,9124,10,4166.7,2026-08-07
1154,1495,9945,4,9279.24,2026-03-11
1155,977,9416,4,12748.84,2026-09-26
1156,1347,9459,6,19309.44,2026-12-04
1157,1430,9227,6,24873.6,2026-12-24
1158,610,9539,1,1678.37,2026-01-16
1159,741,9713,8,8075.28,2026-08-21
1160,674,9923,7,30136.4,2026-01-06
1161,881,9050,8,26256.0,2026-12-01
1162,1481,9887,7,14283.99,2026-01-17
1163,1209,9038,5,10518.2,2026-12-03
1164,779,9291,7,20956.6,2026-03-24
1165,1285,9565,4,1082.56,2026-04-12
1166,1203,9492,2,8913.08,2026-03-23
1167,526,9675,4,2801.48,2026-03-17
1168,1326,9562,1,3503.89,2026-03-08
1169,1017,9672,3,7177.8,2026-02-02
1170,686,9421,3,5785.95,2026-08-13
1171,1009,9749,8,36005.04,2026-11-03
1172,1105,9102,5,16045.85,2026-10-26
1173,1018,9315,8,28633.04,2026-12-31
1174,529,9320,8,15967.52,2026-11-26
1175,709,9204,8,22849.28,2026-11-11
1176,531,9621,7,17033.66,2026-03-19
1177,1147,9427,4,6923.04,2026-07-28
1178,1158,9743,10,20396.3,2026-05-01
1179,1100,9852,7,33034.54,2026-04-23
1180,1030,9016,5,7988.25,2026-07-01
1181,898,9936,4,17538.92,2026-09-07
1182,1326,9760,10,39162.2,2026-10-12
1183,890,9318,10,2218.7,2026-02-28
1184,705,9534,8,10447.04,2026-06-29
1185,794,9209,8,38340.64,2026-12-24
1186,1090,9527,7,13843.06,2026-10-25
1187,1176,9133,10,43512.7,2026-10-03
1188,1045,9418,10,49666.7,2026-06-28
1189,913,9528,6,3099.24,2026-04-30
1190,1401,9521,6,6787.02,2026-07-16
1191,1031,9898,2,1723.36,2026-11-18
1192,1187,9595,5,11858.65,2026-12-22
1193,621,9100,10,8498.0,2026-11-15
1194,1047,9389,3,4113.21,2026-07-02
1195,924,9105,8,35571.92,2026-02-18
1196,667,9224,9,2301.12,2026-02-24
1197,666,9987,4,9771.04,2026-08-19
1198,1232,9756,4,4187.24,2026-09-07
1199,1400,9648,6,20066.58,2026-02-02
1200,1228,9641,6,24855.24,2026-07-19
1201,1342,9894,3,9587.1,2026-10-24
1202,533,9322,2,8581.22,2026-03-10
1203,1343,9914,8,16392.08,2026-05-09
1204,890,9187,9,8498.25,2026-10-22
1205,1122,9224,8,27937.36,2026-02-21
1206,558,9799,6,18061.32,2026-02-24
1207,1443,9319,4,8119.4,2026-05-24
1208,1357,9434,8,13408.32,2026-06-07
1209,510,9364,10,41416.6,2026-12-19
1210,1466,9075,6,11291.28,2026-09-21
1211,1411,9945,3,3989.16,2026-08-26
1212,1098,9355,4,4310.72,2026-01-07
1213,975,9544,3,3764.25,2026-07-19
1214,768,9710,1,1601.07,2026-06-12
1215,1326,9675,8,23718.96,2026-03-21
1216,759,9048,1,1204.23,2026-06-06
1217,978,9520,5,11833.85,2026-05-27
1218,663,9538,8,31631.12,2026-01-25
1219,730,9375,4,18258.96,2026-11-01
1220,745,9661,2,9600.16,2026-09-21
1221,982,9236,4,16147.4,2026-04-06
1222,1349,9965,2,1436.92,2026-07-11
1223,540,9642,9,4734.18,2026-06-15
1224,799,9665,5,19983.8,2026-09-15
1225,844,9262,8,2599.6,2026-02-22
1226,1440,9185,1,3826.45,2026-08-13
1227,533,9656,1,1872.33,2026-02-19
1228,578,9814,10,3134.7,2026-09-10
1229,1085,9192,2,1711.26,2026-02-23
1230,837,9201,4,7186.88,2026-06-13
1231,983,9411,4,16798.36,2026-08-22
1232,786,9123,7,4907.14,2026-06-29
1233,1432,9961,5,16749.05,2026-06-23
1234,527,9913,3,10098.15,2026-11-08
1235,864,9595,10,34366.5,2026-11-18
1236,708,9575,1,2400.55,2026-07-13
1237,950,9997,9,8332.65,2026-02-25
1238,825,9740,2,6524.46,2026-07-30
1239,1351,9003,10,4915.8,2026-06-16
1240,1236,9117,10,5860.0,2026-08-18
1241,1097,9148,10,5541.2,2026-11-21
1242,888,9770,9,4764.06,2026-11-16
1243,822,9899,9,7560.0,2026-08-05
1244,689,9952,10,37091.0,2026-03-15
1245,1064,9645,1,3420.88,2026-02-02
1246,1323,9204,9,19862.64,2026-05-15
1247,805,9235,9,24598.08,2026-10-15
1248,1022,9360,6,26196.9,2026-11-07
1249,1194,9789,8,31088.64,2026-12-30
1250,698,9764,2,98.34,2026-12-08
1251,927,9355,5,4191.95,2026-05-03
1252,639,9870,7,22164.66,2026-01-10
1253,762,9377,7,19012.0,2026-10-29
1254,1215,9278,7,31854.62,2026-12-15
1255,1142,9330,2,2165.86,2026-05-22
1256,774,9753,1,4205.93,2026-10-14
1257,1270,9777,2,8654.36,2026-06-03
1258,1194,9650,7,22441.09,2026-02-13
1259,1094,9982,6,6494.1,2026-11-12
1260,1054,9004,4,17643.92,2026-07-25
1261,774,9664,7,24851.61,2026-03-14
1262,785,9760,3,14855.31,2026-11-06
1263,586,9696,5,10026.1,2026-10-08
1264,530,9168,6,18628.08,2026-08-01
1265,699,9942,10,3346.9,2026-11-15
1266,1083,9680,3,12381.45,2026-12-17
1267,1100,9371,3,13659.48,2026-07-09
1268,1251,9273,6,22122.66,2026-07-13
1269,1110,9654,3,6226.71,2026-10-14
1270,1459,9691,7,32738.16,2026-12-03
1271,1428,9446,3,3024.15,2026-06-07
1272,1043,9618,8,8074.24,2026-03-31
1273,588,9055,7,15516.48,2026-11-13
1274,673,9461,10,19575.6,2026-07-18
1275,790,9188,8,14129.2,2026-07-02
1276,532,9458,9,26120.79,2026-07-23
1277,1239,9868,5,10482.95,2026-03-26
1278,1331,9184,3,6153.45,2026-12-17
1279,563,9924,6,4093.92,2026-02-06
1280,1111,9338,7,27511.26,2026-02-07
1281,892,9640,5,6288.7,2026-03-15
1282,1106,9229,7,21651.49,2026-11-26
1283,1495,9142,2,769.82,2026-12-11
1284,1427,9167,1,1542.27,2026-10-02
1285,530,9401,8,19111.6,2026-08-08
1286,965,9825,2,9337.32,2026-06-15
1287,791,9675,2,5626.46,2026-05-04
1288,803,9901,9,18571.77,2026-12-29
1289,693,9230,1,1260.87,2026-08-04
1290,1024,9099,4,2249.8,2026-01-30
1291,580,9545,1,4347.0,2026-04-21
1292,565,9822,1,1710.23,2026-03-03
1293,1324,9768,10,1014.1,2026-01-24
1294,1333,9488,5,18934.65,2026-11-18
1295,551,9912,8,1133.28,2026-03-23
1296,870,9442,8,1985.6,2026-03-02
1297,513,9938,1,2555.77,2026-03-09
1298,884,9637,1,2260.54,2026-12-16
1299,619,9484,5,9126.0,2026-01-18
1300,1293,9318,8,20031.04,2026-01-29
1301,943,9078,8,7111.76,2026-04-17
1302,1067,9055,8,22925.76,2026-05-26
1303,1130,9096,2,3465.88,2026-07-02
1304,1167,9571,9,6760.08,2026-02-06
1305,966,9965,5,3110.8,2026-08-01
1306,877,9227,2,4421.1,2026-06-12
1307,681,9752,9,10198.8,2026-06-12
1308,754,9377,7,15538.67,2026-10-21
1309,1416,9336,9,27163.44,2026-04-05
1310,573,9266,1,1075.93,2026-03-20
1311,630,9234,2,2227.74,2026-03-22
1312,860,9969,8,8791.76,2026-11-10
1313,1072,9763,3,4896.03,2026-07-07
1314,668,9292,7,28680.68,2026-12-27
1315,814,9534,2,7151.82,2026-03-22
1316,905,9617,5,1972.85,2026-04-24
1317,1321,9165,8,16923.68,2026-10-03
1318,948,9825,5,16257.75,2026-08-16
1319,913,9469,2,4863.3,2026-03-02
1320,703,9275,6,27808.68,2026-05-04
1321,898,9963,1,948.71,2026-09-27
1322,769,9141,10,44290.7,2026-08-05
1323,667,9454,5,20206.15,2026-04-07
1324,1288,9334,4,1175.64,2026-06-12
1325,1001,9490,8,21479.6,2026-07-27
1326,1046,9859,2,5574.24,2026-01-11
1327,1246,9950,5,6279.0,2026-01-15
1328,964,9465,3,8129.19,2026-12-21
1329,829,9478,7,7930.02,2026-07-07
1330,982,9799,10,19472.5,2026-07-07
1331,661,9997,7,24557.4,2026-05-09
1332,1453,9447,6,26053.32,2026-04-23
1333,985,9843,4,17976.96,2026-10-26
1334,826,9880,8,34168.96,2026-11-13
1335,1161,9591,2,7882.54,2026-05-03
1336,983,9742,9,19085.4,2026-08-29
1337,830,9751,9,14724.9,2026-02-13
1338,576,9660,10,35052.3,2026-06-16
1339,601,9508,4,9834.48,2026-02-27
1340,1327,9312,9,5765.22,2026-08-18
1341,1372,9352,1,4125.98,2026-01-16
1342,1380,9464,2,4882.2,2026-02-16
1343,1144,9538,10,44189.2,2026-12-13
1344,1037,9538,6,7035.24,2026-01-28
1345,1109,9217,2,1617.96,2026-02-18
1346,1070,9345,1,1499.09,2026-05-03
1347,829,9492,7,3698.38,2026-02-26
1348,543,9285,3,14470.17,2026-06-18
1349,743,9269,8,39124.8,2026-11-14
1350,958,9326,5,15737.05,2026-12-04
1351,625,9784,1,3091.19,2026-05-19
1352,737,9287,7,14279.72,2026-12-05
1353,1287,9746,8,3443.6,2026-03-16
1354,1156,9014,7,18389.0,2026-06-17
1355,824,9037,5,16013.95,2026-04-05
1356,840,9937,6,2218.38,2026-07-16
1357,978,9203,7,4660.81,2026-12-27
1358,1008,9225,5,23721.4,2026-03-20
1359,1119,9457,8,24230.08,2026-10-17
1360,1124,9834,9,25934.94,2026-12-30
1361,953,9626,9,859.86,2026-02-18
1362,1359,9659,1,2767.81,2026-12-19
1363,1295,9081,9,30427.92,2026-04-12
1364,508,9340,9,2030.76,2026-06-06
1365,726,9996,9,10284.3,2026-04-28
1366,1363,9632,2,2672.08,2026-07-05
1367,1397,9474,5,10684.55,2026-12-28
1368,1061,9202,1,350.77,2026-04-20
1369,966,9736,8,26114.32,2026-12-02
1370,1124,9492,9,8097.12,2026-05-12
1371,738,9900,4,14817.56,2026-08-04
1372,964,9084,4,6305.6,2026-05-26
1373,1137,9916,6,25319.1,2026-06-13
1374,580,9307,3,9099.78,2026-08-10
1375,556,9278,8,21308.16,2026-08-07
1376,1279,9583,7,7929.81,2026-06-21
1377,1053,9503,8,10127.2,2026-03-24
1378,1453,9246,9,21001.5,2026-01-08
1379,631,9767,3,540.39,2026-12-31
1380,506,9868,5,20555.65,2026-11-28
1381,1422,9443,7,3916.5,2026-09-01
1382,600,9357,7,24973.2,2026-10-09
1383,1228,9074,7,7198.52,2026-02-05
1384,1196,9740,2,3270.74,2026-06-22
1385,810,9702,7,27680.38,2026-10-09
1386,1029,9956,9,30226.5,2026-12-17
1387,688,9402,9,40739.22,2026-10-02
1388,1230,9735,2,6929.42,2026-01-08
1389,780,9369,3,11007.99,2026-02-06
1390,1123,9750,1,1049.69,2026-04-15
1391,704,9889,1,2929.32,2026-03-29
1392,1133,9009,2,3594.36,2026-01-05
1393,1199,9036,10,3355.9,2026-09-11
1394,823,9467,5,16181.65,2026-09-03
1395,961,9708,8,37121.84,2026-03-11
1396,1491,9645,10,8471.2,2026-05-06
1397,885,9921,4,626.68,2026-11-09
1398,658,9005,5,21445.3,2026-03-05
1399,1450,9366,3,10925.73,2026-01-21
1400,1421,9158,2,8876.98,2026-11-29
1401,962,9491,5,11440.2,2026-10-25
1402,836,9979,9,43351.92,2026-10-31
1403,1382,9174,4,11462.4,2026-11-10
1404,1387,9764,2,9557.52,2026-09-09
1405,849,9655,2,2014.14,2026-01-23
1406,1462,9913,6,21382.2,2026-06-29
1407,1459,9177,4,8056.16,2026-05-09
1408,1408,9351,9,3967.2,2026-11-21
1409,1486,9526,9,38961.27,2026-05-10
1410,885,9548,5,21005.6,2026-02-26
1411,1020,9704,1,1495.43,2026-05-11
1412,1021,9383,9,42615.36,2026-03-12
1413,962,9336,8,13195.44,2026-04-03
1414,895,9480,6,6603.36,2026-03-01
1415,550,9389,7,21954.66,2026-01-23
1416,1234,9937,1,3227.41,2026-12-30
1417,817,9342,6,22514.4,2026-04-26
1418,1098,9805,1,1497.77,2026-11-17
1419,1421,9732,3,1681.02,2026-08-22
1420,894,9195,6,26592.18,2026-11-19
1421,1272,9200,7,23528.68,2026-10-18
1422,622,9867,1,3332.77,2026-02-08
1423,902,9604,3,8961.27,2026-08-04
1424,1116,9435,6,18533.16,2026-03-13
1425,1118,9151,5,3218.15,2026-07-12
1426,1413,9686,7,1774.64,2026-04-26
1427,1223,9668,6,15745.26,2026-03-17
1428,665,9574,8,34377.68,2026-10-23
1429,989,9957,6,3722.04,2026-07-24
1430,723,9500,8,28702.8,2026-01-03
1431,1091,9179,1,3287.68,2026-10-08
1432,695,9341,2,9470.98,2026-07-06
1433,1316,9891,7,3952.48,2026-08-19
1434,560,9863,1,2904.87,2026-04-03
1435,513,9451,2,6087.68,2026-12-01
1436,1126,9989,9,32579.64,2026-11-26
1437,1367,9908,5,422.35,2026-05-13
1438,1066,9549,7,2461.55,2026-07-07
1439,1295,9469,3,14133.54,2026-01-18
1440,886,9058,4,17370.6,2026-11-30
1441,1416,9720,1,3140.05,2026-09-18
1442,1047,9938,9,30220.11,2026-01-01
1443,795,9582,6,7031.94,2026-11-18
1444,1418,9934,6,25158.42,2026-09-24
1445,823,9127,2,7261.28,2026-06-30
1446,1107,9911,5,24351.95,2026-03-26
1447,1348,9513,1,714.9,2026-08-02
1448,1270,9173,4,5531.96,2026-07-08
1449,1224,9529,7,15535.8,2026-03-04
1450,748,9889,4,1523.88,2026-11-18
1451,1407,9695,7,15414.21,2026-08-26
1452,747,9349,6,7886.94,2026-03-15
1453,1161,9498,8,11007.28,2026-09-30
1454,1121,9646,6,6157.86,2026-12-02
1455,1250,9913,7,848.47,2026-06-25
1456,503,9580,3,7191.66,2026-11-02
1457,1253,9282,1,3288.22,2026-05-18
1458,1376,9737,2,9408.54,2026-05-04
1459,1437,9870,1,2594.23,2026-08-28
1460,1002,9281,1,4320.19,2026-10-12
1461,1140,9869,10,7575.4,2026-04-06
1462,511,9706,8,17934.4,2026-11-19
1463,1097,9178,8,31438.4,2026-08-08
1464,1156,9963,7,8867.11,2026-12-30
1465,767,9167,8,12019.68,2026-03-31
1466,1359,9274,7,25703.3,2026-10-11
1467,950,9327,6,27266.94,2026-09-22
1468,808,9480,7,19358.5,2026-08-25
1469,539,9014,6,11445.48,2026-05-10
1470,514,9335,5,21510.45,2026-11-25
1471,515,9528,2,3237.12,2026-03-19
1472,750,9182,4,13232.8,2026-11-20
1473,996,9975,7,10761.24,2026-01-28
1474,1245,9954,9,36149.49,2026-07-18
1475,1065,9546,7,5055.61,2026-04-13
1476,687,9978,3,9717.87,2026-09-04
1477,1356,9128,6,899.7,2026-02-12
1478,1330,9318,5,16723.8,2026-03-10
1479,508,9325,3,6500.25,2026-09-13
1480,1447,9375,10,37536.1,2026-09-05
1481,1383,9734,4,7443.36,2026-12-10
1482,1142,9458,8,23624.24,2026-11-14
1483,951,9340,7,31412.29,2026-08-10
1484,587,9942,3,3111.84,2026-01-31
1485,1010,9996,7,1427.51,2026-06-08
1486,685,9215,6,10919.34,2026-05-29
1487,1156,9847,2,4680.88,2026-04-20
1488,563,9587,6,7368.24,2026-12-22
1489,1401,9631,2,9608.82,2026-12-24
1490,1491,9518,8,38153.92,2026-04-22
1491,1235,9491,6,28651.32,2026-01-31
1492,1003,9756,6,19203.18,2026-02-08
1493,1377,9827,10,37065.9,2026-06-21
1494,909,9945,6,28555.02,2026-07-05
1495,1426,9558,5,18796.3,2026-12-27
1496,728,9918,5,23587.95,2026-03-06
1497,1499,9143,1,4261.68,2026-02-16
1498,1253,9585,1,720.19,2026-10-29
1499,1251,9732,2,6384.8,2026-12-26
1500,1197,9163,3,14712.42,2026-07-30
1501,1019,9632,1,1886.99,2026-08-18
1502,884,9084,9,33520.05,2026-12-15
1503,988,9550,5,11589.75,2026-03-03
1504,1272,9145,7,9713.55,2026-03-24
1505,833,9247,1,2780.73,2026-06-10
1506,633,9068,9,18181.53,2026-06-26
1507,1011,9698,5,23770.15,2026-07-09
1508,1208,9663,8,27321.44,2026-04-04
1509,1420,9375,3,1194.96,2026-06-25
1510,1493,9275,6,17556.78,2026-12-21
1511,1494,9177,8,18782.56,2026-12-06
1512,1211,9141,6,29788.14,2026-06-27
1513,1283,9642,9,18863.55,2026-12-12
1514,901,9508,1,795.36,2026-10-30
1515,847,9262,8,1522.32,2026-02-19
1516,769,9983,9,31390.65,2026-06-27
1517,850,9265,4,1797.96,2026-02-24
1518,1368,9773,3,3801.12,2026-03-11
1519,509,9324,10,31159.8,2026-01-01
1520,1477,9791,5,7440.5,2026-01-24
1521,633,9153,2,9127.62,2026-01-18
1522,636,9321,4,8092.44,2026-04-30
1523,571,9653,2,7881.7,2026-06-25
1524,840,9998,8,25315.28,2026-08-28
1525,1306,9446,10,38482.2,2026-12-26
1526,852,9705,8,17315.28,2026-11-27
1527,779,9903,2,1288.74,2026-04-25
1528,1322,9785,2,5099.96,2026-12-01
1529,1227,9104,10,28320.3,2026-07-08
1530,967,9151,6,12258.0,2026-03-23
1531,1212,9818,3,13721.61,2026-04-05
1532,1263,9752,4,10838.04,2026-08-10
1533,1411,9190,3,13547.58,2026-12-06
1534,648,9678,9,11135.52,2026-05-19
1535,972,9501,1,1295.79,2026-01-25
1536,948,9885,2,3735.94,2026-01-15
1537,1191,9268,1,4537.01,2026-03-25
1538,1486,9900,8,29276.56,2026-08-31
1539,1419,9166,2,522.18,2026-03-24
1540,934,9317,3,2044.62,2026-04-19
1541,1147,9199,5,8921.65,2026-10-28
1542,738,9344,7,586.67,2026-01-12
1543,739,9599,1,4246.92,2026-01-10
1544,775,9328,8,12484.64,2026-04-27
1545,1425,9188,3,385.5,2026-05-12
1546,731,9138,1,1640.75,2026-04-04
1547,1171,9223,1,1098.12,2026-07-11
1548,903,9438,1,3160.98,2026-09-05
1549,1135,9807,2,6775.74,2026-10-09
1550,1274,9471,3,1287.51,2026-06-30
1551,610,9267,4,16671.44,2026-03-06
1552,759,9209,2,8054.16,2026-10-20
1553,534,9205,8,33558.96,2026-06-30
1554,658,9524,6,7884.36,2026-05-25
1555,1191,9259,9,44664.39,2026-08-29
1556,950,9091,10,46141.8,2026-10-01
1557,965,9521,8,19517.6,2026-09-02
1558,562,9097,6,2361.9,2026-09-24
1559,1380,9808,9,30701.7,2026-12-30
1560,1337,9110,8,20475.76,2026-08-08
1561,977,9040,4,11293.16,2026-11-25
1562,585,9860,8,27769.76,2026-09-23
1563,1195,9043,7,33373.55,2026-05-01
1564,649,9458,6,24118.38,2026-10-11
1565,908,9587,5,13993.2,2026-08-24
1566,604,9081,5,21881.85,2026-08-10
1567,533,9751,9,23758.83,2026-01-28
1568,1452,9695,3,12108.87,2026-12-28
1569,558,9434,2,5082.54,2026-12-24
1570,990,9269,3,497.58,2026-11-22
1571,1094,9837,10,3314.1,2026-09-23
1572,611,9463,8,39005.68,2026-02-16
1573,1035,9756,1,2979.43,2026-07-21
1574,1118,9008,7,21700.07,2026-01-04
1575,1357,9413,1,723.59,2026-06-25
1576,1075,9669,1,3279.38,2026-03-11
1577,1461,9008,6,15373.14,2026-09-12
1578,992,9606,1,3883.33,2026-07-17
1579,1298,9486,10,13797.1,2026-10-27
1580,647,9955,10,22148.3,2026-10-31
1581,1374,9341,10,34227.7,2026-02-26
1582,750,9919,3,11707.08,2026-01-24
1583,699,9282,9,20216.79,2026-08-21
1584,1406,9843,5,15437.75,2026-03-03
1585,1208,9939,6,8145.9,2026-07-15
1586,639,9331,7,25990.02,2026-09-14
1587,787,9592,9,2431.62,2026-03-07
1588,946,9722,3,12479.28,2026-02-12
1589,1344,9620,6,12890.1,2026-01-08
1590,530,9061,7,27142.99,2026-04-01
1591,972,9196,9,5003.73,2026-10-05
1592,645,9269,6,15517.26,2026-04-24
1593,641,9093,10,2777.6,2026-02-21
1594,720,9995,3,2102.82,2026-08-27
1595,1326,9028,7,6581.4,2026-06-06
1596,642,9940,7,10178.98,2026-09-29
1597,1455,9974,8,19659.84,2026-12-16
1598,865,9504,8,32742.08,2026-09-21
1599,566,9366,8,15925.44,2026-11-07
1600,1475,9316,5,8886.45,2026-05-20
1601,1462,9750,2,7162.28,2026-05-06
1602,780,9034,9,27432.81,2026-05-20
1603,979,9434,10,6324.9,2026-12-19
1604,961,9157,9,366.12,2026-03-20
1605,1388,9044,1,4466.8,2026-05-04
1606,1415,9029,2,7391.32,2026-05-02
1607,1227,9102,3,13204.2,2026-10-16
1608,987,9886,2,7680.08,2026-10-29
1609,721,9784,5,14972.15,2026-10-31
1610,637,9977,5,18029.7,2026-11-14
1611,644,9118,6,1673.64,2026-02-20
1612,1194,9832,3,4347.3,2026-02-05
1613,1476,9633,1,4811.62,2026-10-16
1614,1045,9472,9,33223.5,2026-05-22
1615,843,9345,4,10985.36,2026-08-30
1616,623,9145,3,2603.1,2026-02-16
1617,1014,9356,3,14013.81,2026-07-11
1618,1295,9637,10,40707.9,2026-05-03
1619,769,9518,5,13637.45,2026-01-11
1620,1219,9969,8,29281.28,2026-03-29
1621,1098,9269,5,12994.85,2026-04-25
1622,939,9337,8,9768.0,2026-05-04
1623,1253,9609,10,15192.9,2026-07-05
1624,1262,9044,7,31237.78,2026-02-20
1625,1185,9158,1,997.68,2026-04-17
1626,681,9953,9,21370.5,2026-01-19
1627,1105,9742,1,3473.02,2026-02-19
1628,1219,9476,6,9667.32,2026-03-16
1629,618,9650,7,24159.94,2026-09-07
1630,1499,9385,10,28430.0,2026-10-28
1631,1341,9060,2,5967.2,2026-04-24
1632,1424,9449,7,29369.13,2026-05-31
1633,1217,9948,1,745.79,2026-11-08
1634,1182,9601,8,26555.36,2026-05-18
1635,802,9487,7,24989.79,2026-05-15
1636,820,9151,2,5990.8,2026-07-19
1637,1005,9093,6,20992.62,2026-07-14
1638,1080,9582,8,26904.0,2026-04-30
1639,783,9282,4,310.92,2026-11-20
1640,1404,9749,3,1473.63,2026-02-11
1641,988,9805,4,16758.32,2026-04-19
1642,1428,9556,5,15189.6,2026-09-21
1643,1325,9302,3,6405.15,2026-04-04
1644,952,9273,7,6286.42,2026-03-16
1645,1294,9834,9,9443.07,2026-11-01
1646,1446,9801,8,29915.84,2026-07-20
1647,1443,9440,9,31367.61,2026-03-30
1648,502,9974,5,24988.3,2026-06-01
1649,872,9463,1,62.87,2026-01-31
1650,1004,9708,5,5015.25,2026-04-01
1651,752,9055,6,18501.6,2026-03-23
1652,1224,9322,4,4743.32,2026-05-09
1653,1099,9204,9,2802.42,2026-11-28
1654,983,9266,3,12450.33,2026-03-29
1655,699,9981,5,17201.55,2026-12-17
1656,924,9047,7,6865.95,2026-04-08
1657,704,9644,4,11037.96,2026-01-03
1658,964,9505,3,9173.82,2026-11-17
1659,943,9481,7,30261.21,2026-11-10
1660,504,9479,8,35600.96,2026-04-12
1661,581,9587,7,16655.8,2026-01-25
1662,1103,9803,8,23495.2,2026-11-17
1663,719,9968,7,1065.26,2026-11-07
1664,521,9553,5,4909.8,2026-09-09
1665,1304,9353,3,9151.32,2026-05-13
1666,791,9185,8,24275.6,2026-11-17
1667,1285,9371,1,1247.32,2026-05-07
1668,827,9135,1,596.15,2026-01-16
1669,1409,9563,10,6283.4,2026-06-08
1670,871,9645,7,2865.94,2026-10-23
1671,520,9768,9,29509.11,2026-09-18
1672,1269,9507,6,21319.38,2026-03-11
1673,1374,9917,5,23413.5,2026-03-16
1674,840,9005,2,4424.82,2026-01-24
1675,1264,9485,2,4222.18,2026-06-17
1676,1398,9317,10,30019.0,2026-08-19
1677,1149,9548,4,4554.68,2026-04-06
1678,648,9853,9,38801.61,2026-03-24
1679,1035,9651,3,2462.52,2026-11-04
1680,1273,9112,2,5669.48,2026-02-20
1681,1190,9419,7,24574.48,2026-02-13
1682,898,9199,7,33839.68,2026-11-08
1683,513,9634,6,13845.78,2026-12-22
1684,567,9868,5,3529.15,2026-02-14
1685,531,9416,3,13536.66,2026-11-10
1686,1406,9706,4,3365.36,2026-10-04
1687,989,9680,2,8551.06,2026-12-20
1688,1300,9830,8,33276.56,2026-06-01
1689,1224,9130,8,25432.24,2026-07-23
1690,571,9134,8,24715.76,2026-05-11
1691,1311,9906,8,16083.44,2026-08-09
1692,601,9632,6,21602.04,2026-02-03
1693,593,9733,3,7211.34,2026-05-09
1694,857,9083,2,7784.3,2026-06-29
1695,512,9266,7,29847.72,2026-06-26
1696,1409,9859,10,10657.9,2026-07-28
1697,748,9008,10,46595.2,2026-03-26
1698,1463,9969,4,5892.76,2026-03-07
1699,1332,9409,4,618.84,2026-02-14
1700,1121,9774,2,2828.62,2026-05-06
1701,1083,9075,5,3087.25,2026-06-05
1702,823,9515,1,544.78,2026-04-27
1703,1205,9760,1,3800.74,2026-08-08
1704,588,9206,3,5936.49,2026-11-01
1705,1401,9240,6,26952.24,2026-01-16
1706,1380,9098,9,43099.92,2026-12-04
1707,526,9824,8,21975.36,2026-10-08
1708,807,9719,4,2184.32,2026-01-16
1709,1257,9889,9,15477.03,2026-06-24
1710,1023,9989,8,784.72,2026-07-25
1711,582,9555,5,13940.3,2026-05-30
1712,850,9042,5,14053.7,2026-11-10
1713,575,9892,1,202.21,2026-07-15
1714,924,9134,4,4792.4,2026-05-16
1715,1294,9476,4,12608.24,2026-06-16
1716,1052,9192,3,1068.45,2026-10-12
1717,1336,9082,5,17305.15,2026-11-20
1718,656,9021,2,916.48,2026-12-29
1719,1067,9931,4,17526.92,2026-10-29
1720,787,9333,7,6342.98,2026-03-08
1721,1476,9971,10,48691.8,2026-07-27
1722,862,9856,9,16556.58,2026-07-05
1723,1123,9953,1,4394.78,2026-11-18
1724,519,9418,8,15476.64,2026-02-09
1725,1320,9563,4,2827.64,2026-12-04
1726,1387,9532,10,18291.7,2026-11-28
1727,1178,9494,5,22795.8,2026-03-07
1728,683,9420,3,6960.96,2026-11-06
1729,548,9660,5,20105.45,2026-02-14
1730,1061,9442,4,7541.68,2026-01-06
1731,951,9259,2,9521.4,2026-03-08
1732,982,9509,1,4983.67,2026-06-08
1733,1214,9530,8,19676.96,2026-05-21
1734,1388,9600,5,6334.25,2026-01-16
1735,1187,9500,1,1795.5,2026-09-20
1736,942,9745,4,9045.2,2026-06-02
1737,613,9199,2,1069.44,2026-06-27
1738,1460,9070,9,39755.88,2026-09-25
1739,1057,9294,5,13170.25,2026-07-03
1740,824,9411,8,8791.6,2026-08-31
1741,945,9490,4,3730.88,2026-02-21
1742,1476,9082,3,14671.32,2026-09-26
1743,852,9257,8,165.44,2026-01-23
1744,1240,9674,8,26524.96,2026-05-15
1745,1144,9813,2,9673.86,2026-10-29
1746,899,9058,6,9510.6,2026-02-11
1747,1280,9322,4,7016.08,2026-04-27
1748,602,9468,5,4201.7,2026-05-25
1749,598,9707,2,1553.86,2026-08-10
1750,1294,9698,2,1703.0,2026-12-18
1751,1239,9610,2,4375.58,2026-01-28
1752,1205,9024,4,3860.76,2026-08-05
1753,722,9991,7,5534.69,2026-08-31
1754,1291,9396,1,1836.36,2026-06-14
1755,971,9064,2,2927.36,2026-07-24
1756,1480,9542,2,5812.92,2026-01-20
1757,1127,9923,8,26203.84,2026-09-15
1758,1260,9972,2,455.54,2026-06-22
1759,708,9694,6,5325.48,2026-03-05
1760,662,9821,7,1025.92,2026-06-15
1761,1187,9077,4,18038.2,2026-03-07
1762,615,9596,3,12946.56,2026-06-29
1763,1283,9201,1,1256.33,2026-11-24
1764,1403,9606,6,13960.74,2026-11-04
1765,1233,9477,9,22906.44,2026-07-10
1766,1339,9846,7,25005.75,2026-12-07
1767,1147,9560,1,2963.24,2026-07-24
1768,1419,9469,3,2471.64,2026-01-12
1769,844,9115,3,12222.72,2026-08-13
1770,1461,9356,4,12182.48,2026-04-12
1771,549,9314,1,3338.51,2026-01-12
1772,829,9566,2,9739.18,2026-11-20
1773,1414,9735,1,430.09,2026-12-05
1774,1352,9372,9,28157.04,2026-10-19
1775,835,9776,8,15292.8,2026-03-03
1776,1170,9658,9,18728.28,2026-09-21
1777,852,9243,2,3956.26,2026-11-23
1778,562,9769,6,22683.42,2026-04-11
1779,802,9352,10,43105.7,2026-02-07
1780,985,9346,8,35089.04,2026-10-10
1781,789,9485,6,23597.46,2026-01-30
1782,1287,9121,9,34761.51,2026-02-03
1783,1494,9420,8,21720.08,2026-09-09
1784,1406,9144,10,1012.2,2026-02-11
1785,833,9749,10,13383.0,2026-01-11
1786,847,9023,8,11074.24,2026-01-15
1787,617,9541,5,1922.2,2026-10-05
1788,811,9801,5,23032.05,2026-03-19
1789,1361,9799,7,2907.73,2026-09-15
1790,651,9076,7,30155.09,2026-03-09
1791,1311,9274,8,4412.24,2026-06-30
1792,1140,9190,1,65.58,2026-05-31
1793,1438,9049,6,9798.3,2026-06-10
1794,1094,9071,9,17340.48,2026-01-14
1795,989,9783,7,14921.9,2026-08-25
1796,1137,9269,5,937.5,2026-04-27
1797,1125,9323,4,9232.52,2026-12-22
1798,767,9306,4,4484.68,2026-04-26
1799,1482,9603,10,43680.6,2026-06-06
1800,600,9288,1,1512.31,2026-09-11
1801,1104,9715,1,712.49,2026-01-29
1802,624,9382,8,3423.76,2026-11-04
1803,818,9251,6,17560.08,2026-12-23
1804,1382,9145,1,1433.05,2026-09-22
1805,1156,9226,4,15526.04,2026-06-02
1806,543,9746,1,4525.93,2026-07-28
1807,998,9993,2,1803.4,2026-05-22
1808,1032,9867,1,38.09,2026-12-09
1809,1437,9720,9,6486.93,2026-08-15
1810,1331,9079,8,35336.48,2026-02-10
1811,1434,9093,4,19004.08,2026-09-10
1812,1159,9598,7,25083.1,2026-04-22
1813,1119,9588,9,9783.81,2026-10-15
1814,1014,9489,9,16415.46,2026-12-08
1815,1408,9937,1,2749.59,2026-02-13
1816,929,9569,5,7906.0,2026-03-13
1817,1303,9837,2,3604.96,2026-09-28
1818,849,9144,9,15092.19,2026-01-31
1819,1018,9791,1,1096.29,2026-02-04
1820,1261,9914,1,272.23,2026-03-22
1821,1157,9288,8,7749.92,2026-12-20
1822,1277,9454,5,15906.55,2026-04-08
1823,884,9013,3,1246.71,2026-03-24
1824,1193,9844,9,32729.04,2026-12-17
1825,749,9024,6,27138.36,2026-12-21
1826,1034,9079,5,7784.2,2026-03-16
1827,790,9031,4,18036.28,2026-12-05
1828,1482,9881,3,7016.16,2026-02-21
1829,947,9777,1,1053.9,2026-03-12
1830,1030,9720,10,34675.0,2026-12-07
1831,961,9546,5,17249.5,2026-04-07
1832,751,9480,6,6082.14,2026-06-15
1833,1209,9826,8,18700.4,2026-11-03
1834,865,9158,8,25001.76,2026-01-30
1835,596,9088,6,20815.14,2026-06-27
1836,1178,9373,6,8599.68,2026-03-22
1837,1106,9338,10,3568.6,2026-08-03
1838,1377,9696,2,2404.32,2026-07-29
1839,1447,9904,3,11811.51,2026-12-21
1840,1040,9636,4,1345.08,2026-01-25
1841,523,9247,5,12985.55,2026-12-27
1842,634,9910,7,19186.79,2026-05-26
1843,1232,9306,4,18224.12,2026-02-12
1844,934,9930,1,1516.19,2026-03-04
1845,1130,9237,6,25158.42,2026-08-24
1846,1114,9452,10,2423.6,2026-09-18
1847,709,9511,3,10340.13,2026-08-30
1848,1304,9739,5,14474.15,2026-04-11
1849,828,9345,8,7494.8,2026-03-12
1850,567,9282,10,14378.2,2026-07-19
1851,1196,9741,3,7648.8,2026-03-07
1852,669,9784,8,13794.4,2026-03-16
1853,775,9536,5,12950.95,2026-01-26
1854,548,9972,2,669.3,2026-10-22
1855,515,9961,2,9152.2,2026-06-25
1856,1093,9636,6,27627.78,2026-04-24
1857,883,9131,4,13391.12,2026-01-31
1858,1430,9575,7,34707.47,2026-08-20
1859,522,9143,9,43121.43,2026-05-28
1860,784,9780,5,4133.0,2026-04-19
1861,1443,9113,1,280.9,2026-05-27
1862,1072,9101,9,3496.05,2026-11-17
1863,1139,9583,6,20014.92,2026-09-10
1864,676,9448,5,13941.2,2026-12-14
1865,1339,9920,7,20892.9,2026-02-25
1866,1201,9621,3,10612.59,2026-09-25
1867,938,9478,1,4189.84,2026-11-02
1868,1035,9842,8,33574.4,2026-05-13
1869,754,9828,8,13759.84,2026-12-08
1870,1293,9346,8,37039.52,2026-12-01
1871,572,9041,3,544.77,2026-03-21
1872,1431,9288,1,2727.85,2026-05-08
1873,1378,9090,7,13049.82,2026-09-05
1874,1110,9417,8,4372.08,2026-12-31
1875,1326,9840,5,14906.75,2026-03-13
1876,747,9194,9,37231.02,2026-11-25
1877,825,9188,5,12141.7,2026-12-03
1878,1335,9582,9,2839.32,2026-10-31
1879,789,9455,5,8129.65,2026-09-15
1880,699,9176,2,1927.84,2026-06-25
1881,634,9375,5,21185.45,2026-08-23
1882,510,9207,6,20253.78,2026-05-02
1883,779,9270,5,15003.55,2026-01-08
1884,622,9026,2,2269.2,2026-02-14
1885,1110,9677,9,22043.79,2026-01-21
1886,684,9650,4,3161.6,2026-02-03
1887,1474,9353,2,8577.72,2026-06-27
1888,1220,9694,4,19764.88,2026-05-01
1889,558,9006,10,39562.7,2026-06-30
1890,1498,9968,9,41432.58,2026-07-05
1891,937,9842,9,21542.76,2026-06-29
1892,1172,9389,2,8526.04,2026-02-24
1893,644,9326,4,16698.76,2026-12-26
1894,1262,9904,7,22230.88,2026-04-03
1895,780,9908,7,11695.6,2026-02-17
1896,1398,9701,3,14003.46,2026-11-14
1897,910,9751,9,38941.02,2026-09-21
1898,953,9339,2,636.88,2026-08-27
1899,1073,9154,7,23138.22,2026-08-14
1900,1095,9110,4,18343.12,2026-11-19
1901,1009,9420,10,24345.7,2026-09-01
1902,1404,9302,6,22489.68,2026-11-08
1903,595,9172,4,8197.92,2026-12-18
1904,891,9276,5,22729.75,2026-03-09
1905,1414,9723,10,6895.9,2026-07-26
1906,1049,9183,3,12364.02,2026-08-23
1907,641,9393,8,11427.52,2026-10-23
1908,1099,9188,10,10482.3,2026-06-16
1909,838,9555,6,9167.28,2026-08-17
1910,550,9048,5,14786.6,2026-01-18
1911,1385,9240,9,14868.9,2026-08-20
1912,540,9680,7,13210.68,2026-10-08
1913,1337,9497,4,18965.44,2026-10-05
1914,1241,9927,5,16224.8,2026-06-13
1915,1372,9619,5,18938.2,2026-01-30
1916,1078,9154,2,974.06,2026-05-17
1917,1148,9402,1,4801.56,2026-10-17
1918,872,9241,7,21653.73,2026-10-07
1919,1096,9225,5,20684.05,2026-05-28
1920,1217,9544,1,743.7,2026-11-05
1921,1410,9006,6,27700.44,2026-12-17
1922,1126,9195,10,24901.8,2026-12-30
1923,787,9303,2,875.64,2026-03-29
1924,1150,9332,7,22117.76,2026-01-13
1925,688,9521,2,429.66,2026-03-19
1926,1359,9033,3,13642.44,2026-04-02
1927,759,9450,10,8254.0,2026-02-08
1928,1376,9472,3,5387.37,2026-10-10
1929,809,9690,2,9025.86,2026-07-28
1930,562,9060,8,18676.88,2026-04-16
1931,513,9382,5,7605.65,2026-09-22
1932,759,9146,6,26869.74,2026-12-06
1933,1112,9042,1,2876.75,2026-03-16
1934,557,9798,8,25415.6,2026-04-21
1935,593,9687,10,39888.7,2026-03-06
1936,1095,9407,1,4700.62,2026-01-08
1937,1497,9580,5,21283.25,2026-08-31
1938,519,9041,8,27269.04,2026-09-02
1939,585,9450,7,2424.8,2026-05-24
1940,1405,9639,7,17240.3,2026-10-19
1941,1161,9370,2,9684.72,2026-03-13
1942,1488,9054,6,5393.22,2026-05-17
1943,839,9187,3,1996.74,2026-06-18
1944,581,9512,2,4435.58,2026-09-04
1945,562,9856,5,23312.7,2026-03-29
1946,1273,9336,4,3846.24,2026-09-25
1947,658,9039,4,12495.68,2026-08-28
1948,1384,9339,7,30565.15,2026-01-08
1949,767,9860,6,15891.9,2026-09-17
1950,1057,9160,4,10844.72,2026-01-14
1951,1412,9945,4,4204.48,2026-08-20
1952,804,9779,1,3983.46,2026-08-29
1953,859,9365,6,8103.42,2026-01-07
1954,827,9804,5,22482.8,2026-03-13
1955,1150,9311,8,5754.72,2026-10-12
1956,1449,9188,8,4588.4,2026-03-13
1957,1361,9025,1,1280.18,2026-05-20
1958,1057,9212,1,1280.29,2026-02-17
1959,837,9888,10,46250.0,2026-12-27
1960,1219,9069,8,136.0,2026-08-05
1961,1075,9645,8,38230.48,2026-08-16
1962,1059,9874,1,761.75,2026-07-26
1963,1106,9215,5,21515.2,2026-09-16
1964,1414,9064,6,29673.84,2026-06-03
1965,1494,9210,7,6654.9,2026-10-11
1966,1424,9824,10,20738.1,2026-07-21
1967,1500,9375,2,4243.7,2026-10-09
1968,955,9163,3,12668.97,2026-02-27
1969,1167,9805,8,31576.32,2026-03-03
1970,796,9535,8,17518.56,2026-06-02
1971,1011,9750,7,11327.26,2026-08-08
1972,1324,9594,5,8397.25,2026-07-06
1973,724,9046,4,17317.2,2026-08-05
1974,643,9681,4,12040.56,2026-10-12
1975,1394,9499,2,6911.46,2026-05-13
1976,703,9180,6,10074.24,2026-11-01
1977,1050,9496,6,17750.16,2026-05-04
1978,1079,9275,9,18441.36,2026-07-04
1979,1341,9986,6,11372.1,2026-05-17
1980,785,9332,7,34668.9,2026-03-07
1981,1052,9485,5,13055.0,2026-05-14
1982,726,9487,5,14307.2,2026-08-21
1983,818,9822,7,21292.6,2026-08-08
1984,918,9942,2,5777.08,2026-04-28
1985,1134,9464,4,9045.04,2026-03-14
1986,1441,9621,3,8528.67,2026-09-21
1987,1431,9930,9,38859.66,2026-07-22
1988,715,9225,1,4234.03,2026-12-20
1989,697,9803,10,12944.7,2026-04-21
1990,1408,9834,4,11950.6,2026-07-25
1991,933,9833,1,1957.24,2026-02-15
1992,930,9926,2,1004.38,2026-04-12
1993,1304,9197,3,4317.84,2026-03-24
1994,1175,9002,9,18306.45,2026-09-10
1995,905,9137,3,3911.55,2026-07-03
1996,1242,9071,1,3064.23,2026-05-26
1997,1277,9789,6,19839.9,2026-09-10
1998,896,9161,6,21985.86,2026-02-26
1999,1441,9877,3,11757.03,2026-11-17
2000,1080,9430,2,5935.4,2026-07-01
